<?xml version="1.0" encoding="UTF-8"?>
<project-private xmlns="http://www.netbeans.org/ns/project-private/1">
    <editor-bookmarks xmlns="http://www.netbeans.org/ns/editor-bookmarks/2" lastBookmarkId="0"/>
    <open-files xmlns="http://www.netbeans.org/ns/projectui-open-files/2">
        <group>
            <file>file:/D:/UDEMY/JavaOO/09-Colecciones/AprendiendoColecciones/src/pe/egcc/prueba/Prueba08.java</file>
            <file>file:/D:/UDEMY/JavaOO/09-Colecciones/AprendiendoColecciones/src/pe/egcc/dto/EmpleadoDto.java</file>
            <file>file:/D:/UDEMY/JavaOO/09-Colecciones/AprendiendoColecciones/src/pe/egcc/prueba/Prueba06.java</file>
            <file>file:/D:/UDEMY/JavaOO/09-Colecciones/AprendiendoColecciones/src/pe/egcc/prueba/Prueba07.java</file>
            <file>file:/D:/UDEMY/JavaOO/09-Colecciones/AprendiendoColecciones/src/pe/egcc/prueba/Prueba04.java</file>
            <file>file:/D:/UDEMY/JavaOO/09-Colecciones/AprendiendoColecciones/src/pe/egcc/prueba/Prueba03.java</file>
            <file>file:/D:/UDEMY/JavaOO/09-Colecciones/AprendiendoColecciones/src/pe/egcc/prueba/Prueba01.java</file>
            <file>file:/D:/UDEMY/JavaOO/09-Colecciones/AprendiendoColecciones/src/pe/egcc/prueba/Prueba02.java</file>
            <file>file:/D:/UDEMY/JavaOO/09-Colecciones/AprendiendoColecciones/src/pe/egcc/prueba/Prueba05.java</file>
        </group>
    </open-files>
</project-private>
