<?xml version="1.0" encoding="UTF-8"?>
<project-private xmlns="http://www.netbeans.org/ns/project-private/1">
    <editor-bookmarks xmlns="http://www.netbeans.org/ns/editor-bookmarks/2" lastBookmarkId="0"/>
    <open-files xmlns="http://www.netbeans.org/ns/projectui-open-files/2">
        <group>
            <file>file:/D:/UDEMY/JavaOO/06-Interfaces/AprendiendoJava/src/pe/egcc/app/impl/Comprobante.java</file>
            <file>file:/D:/UDEMY/JavaOO/06-Interfaces/AprendiendoJava/src/pe/egcc/app/spec/TodoSpec.java</file>
            <file>file:/D:/UDEMY/JavaOO/06-Interfaces/AprendiendoJava/src/pe/egcc/app/prueba/Prueba02.java</file>
            <file>file:/D:/UDEMY/JavaOO/06-Interfaces/AprendiendoJava/src/pe/egcc/app/spec/DatosAppSpec.java</file>
            <file>file:/D:/UDEMY/JavaOO/06-Interfaces/AprendiendoJava/src/pe/egcc/app/spec/ImprimirSpec.java</file>
            <file>file:/D:/UDEMY/JavaOO/06-Interfaces/AprendiendoJava/src/pe/egcc/app/spec/MantenimientoSpec.java</file>
            <file>file:/D:/UDEMY/JavaOO/06-Interfaces/AprendiendoJava/src/pe/egcc/app/impl/Cliente.java</file>
            <file>file:/D:/UDEMY/JavaOO/06-Interfaces/AprendiendoJava/src/pe/egcc/app/prueba/Prueba03.java</file>
            <file>file:/D:/UDEMY/JavaOO/06-Interfaces/AprendiendoJava/src/pe/egcc/app/prueba/Prueba01.java</file>
            <file>file:/D:/UDEMY/JavaOO/06-Interfaces/AprendiendoJava/src/pe/egcc/app/impl/Empleado.java</file>
        </group>
    </open-files>
</project-private>
